{
  "fallback": "minecraft:empty",
  "elements": [

    {
      "weight": 1,
      "element": {
        "element_type": "minecraft:single_pool_element",
        "projection": "rigid",
        "location": "biosphere:17_sub_ref",
        "processors": "minecraft:empty"
      }
    },
    {
      "weight": 1,
      "element": {
        "element_type": "minecraft:single_pool_element",
        "projection": "rigid",
        "location": "biosphere:17_sur_ref",
        "processors": "minecraft:empty"
      }
    }
  ]
}